{"97g9vYbgDco9fiySMTvwFQ==":"mbr-1920x1280.jpg","/t3JOd++McF6aSyBDL2Qog==":"mbr-1920x1440.jpg","wNY54UUhXfCjkN4lENkueQ==":"mbr-1920x1246.jpg","pvc2jbYZZRhmiGyknF5dvQ==":"mbr-1-1920x1280.jpg","9NsJK9Ejg/YQzUDLK73klg==":"mbr-1920x1080.jpg","iilZ/ASu4A7HGMEGkGSzEQ==":"mbr-1920x1389.jpg","PytstaxOD6CYyocmjEvsqw==":"mbr-1920x1271.jpg","rcR3RpY8iTGMjZvXV0meXg==":"mbr-1-1920x1440.jpg","CkrpbnnpKPECdbgfEW0saQ==":"mbr-2-1920x1280.jpg","6GYPB+RwLbEmixfQe8FpAQ==":"mbr-2-1920x1440.jpg","3f6ODDtRrkyoEMgtGy4U1A==":"mbr-3-1920x1280.jpg","ZH1jGeiCRkhdJTfpHLivaQ==":"mbr-1920x1136.jpg","f3FVr/2wETMw06FecX6MGQ==":"mbr-1920x1258.jpg"}